Big Green Weenies,0,2,Ars Goatia
Nightmare on Elf Street,1,1,Rottingham Rockers
ThunderStrike,0,2,Khemri do it? Yes we can!
Khorne's Glory,1,2,YOU Worship Chaos
Gamba's Gals,1,1,"Frozen, Dead North"
Cogs of War IV,1,0,Flinging Fun
Doom Anvils,0,1,Castlevania Creeps
We Chillin',3,1,YOU Worship Chaos
ThunderStrike,0,1,Flinging Fun
Nightmare on Elf Street,2,1,Ars Goatia
Castlevania Creeps,3,1,Khorne's Glory
Cogs of War IV,0,0,Rottingham Rockers
Doom Anvils,2,0,"Frozen, Dead North"
Gamba's Gals,0,1,Khemri do it? Yes we can!
We Chillin',2,1,"Frozen, Dead North"
YOU Worship Chaos,2,1,Flinging Fun
Khorne's Glory,1,1,Khemri do it? Yes we can!
Ars Goatia,1,1,Rottingham Rockers
Nightmare on Elf Street,1,2,Doom Anvils
Cogs of War IV,2,1,Gamba's Gals
Flinging Fun,0,1,We Chillin'
Ars Goatia,1,2,YOU Worship Chaos
Khemri do it? Yes we can!,1,1,Nightmare on Elf Street
"Frozen, Dead North",1,0,Cogs of War IV
Doom Anvils,1,0,ThunderStrike
Castlevania Creeps,3,0,Gamba's Gals
Rottingham Rockers,2,0,Khorne's Glory
"Frozen, Dead North",1,0,Flinging Fun
Nightmare on Elf Street,2,3,We Chillin'
Doom Anvils,1,2,Rottingham Rockers
ThunderStrike,0,2,YOU Worship Chaos
Gamba's Gals,1,0,Ars Goatia
Khemri do it? Yes we can!,2,2,Castlevania Creeps
Cogs of War IV,1,0,Khorne's Glory
We Chillin',3,1,Castlevania Creeps
YOU Worship Chaos,0,2,Cogs of War IV
Flinging Fun,3,0,Doom Anvils
Khemri do it? Yes we can!,2,0,"Frozen, Dead North"
Ars Goatia,3,0,ThunderStrike
Khorne's Glory,1,2,Nightmare on Elf Street
Rottingham Rockers,2,1,Gamba's Gals
Khorne's Glory,1,2,We Chillin'
Rottingham Rockers,2,1,ThunderStrike
Castlevania Creeps,0,1,"Frozen, Dead North"
YOU Worship Chaos,1,2,Nightmare on Elf Street
Flinging Fun,1,1,Gamba's Gals
Ars Goatia,2,1,Cogs of War IV
Khemri do it? Yes we can!,1,0,Doom Anvils
Cogs of War IV,0,3,We Chillin'
"Frozen, Dead North",1,1,Rottingham Rockers
ThunderStrike,1,2,Khorne's Glory
Castlevania Creeps,2,2,Nightmare on Elf Street
Khemri do it? Yes we can!,2,1,Flinging Fun
Gamba's Gals,0,1,YOU Worship Chaos
Doom Anvils,1,0,Ars Goatia
Rottingham Rockers,2,0,We Chillin'
Flinging Fun,1,3,Nightmare on Elf Street
"Frozen, Dead North",0,1,ThunderStrike
Khemri do it? Yes we can!,1,1,Cogs of War IV
Ars Goatia,2,1,Khorne's Glory
Doom Anvils,2,0,Gamba's Gals
YOU Worship Chaos,2,1,Castlevania Creeps
Castlevania Creeps,2,0,Flinging Fun
We Chillin',1,0,ThunderStrike
Nightmare on Elf Street,0,2,Cogs of War IV
Ars Goatia,1,1,"Frozen, Dead North"
YOU Worship Chaos,1,1,Doom Anvils
Khorne's Glory,1,0,Gamba's Gals
Rottingham Rockers,0,1,Khemri do it? Yes we can!
YOU Worship Chaos,1,1,Rottingham Rockers
Khorne's Glory,1,1,Flinging Fun
Castlevania Creeps,0,2,Ars Goatia
We Chillin',0,2,Khemri do it? Yes we can!
ThunderStrike,2,0,Gamba's Gals
Nightmare on Elf Street,0,1,"Frozen, Dead North"
Cogs of War IV,0,1,Doom Anvils
Castlevania Creeps,,,Cogs of War IV
ThunderStrike,1,2,Nightmare on Elf Street
Gamba's Gals,0,4,We Chillin'
Doom Anvils,,,Khorne's Glory
"Frozen, Dead North",2,0,YOU Worship Chaos
Khemri do it? Yes we can!,1,1,Ars Goatia
Flinging Fun,1,2,Rottingham Rockers
Rottingham Rockers,,,Castlevania Creeps
Flinging Fun,,,Ars Goatia
Khemri do it? Yes we can!,,,YOU Worship Chaos
"Frozen, Dead North",,,Khorne's Glory
Doom Anvils,,,We Chillin'
Gamba's Gals,,,Nightmare on Elf Street
ThunderStrike,,,Cogs of War IV
