Rotting Snatchs,2,2,Mainland Creepers
poor admin squad MK12,0,1,The Flippant Dead
High Bye Week,0,1,Battle Brothers
Cold Blooded Exes,2,1,Mainland Creepers
Reasonably Greedy,0,3,O Comrade Where Art Thou?
Rotting Snatchs,0,1,Great Cold Ones [REBBL]
Sugar 'n Spite,1,1,The Mesozoic Mighty Men
The Norse Unleashed,2,0,Orxploitation Cinema
High Bye Week,0,1,The Mesozoic Mighty Men
O Comrade Where Art Thou?,1,0,poor admin squad MK12
The Flippant Dead,0,2,Sugar 'n Spite
Great Cold Ones [REBBL],1,2,Cold Blooded Exes
Orxploitation Cinema,1,1,Rotting Snatchs
Battle Brothers,1,2,The Norse Unleashed
Mainland Creepers,1,1,Reasonably Greedy
poor admin squad MK12,0,1,Cold Blooded Exes
High Bye Week,0,1,Reasonably Greedy
O Comrade Where Art Thou?,1,0,Orxploitation Cinema
Mainland Creepers,1,2,Great Cold Ones [REBBL]
The Flippant Dead,0,2,Battle Brothers
Sugar 'n Spite,1,1,Rotting Snatchs
The Mesozoic Mighty Men,0,3,The Norse Unleashed
Mainland Creepers,1,0,poor admin squad MK12
The Norse Unleashed,1,0,High Bye Week
Great Cold Ones [REBBL],3,1,Reasonably Greedy
The Flippant Dead,0,3,The Mesozoic Mighty Men
Battle Brothers,0,1,Rotting Snatchs
Orxploitation Cinema,0,1,Cold Blooded Exes
O Comrade Where Art Thou?,1,1,Sugar 'n Spite
Cold Blooded Exes,1,0,High Bye Week
The Norse Unleashed,1,0,poor admin squad MK12
Great Cold Ones [REBBL],1,0,The Flippant Dead
Orxploitation Cinema,1,1,The Mesozoic Mighty Men
Battle Brothers,2,2,Sugar 'n Spite
Rotting Snatchs,3,0,Reasonably Greedy
Mainland Creepers,3,0,O Comrade Where Art Thou?
poor admin squad MK12,0,1,Orxploitation Cinema
High Bye Week,0,1,Rotting Snatchs
Cold Blooded Exes,1,1,The Norse Unleashed
Reasonably Greedy,0,3,Battle Brothers
The Mesozoic Mighty Men,2,1,Mainland Creepers
Sugar 'n Spite,0,1,Great Cold Ones [REBBL]
The Flippant Dead,1,2,O Comrade Where Art Thou?
High Bye Week,0,0,poor admin squad MK12
Sugar 'n Spite,3,0,Reasonably Greedy
The Mesozoic Mighty Men,0,2,Cold Blooded Exes
The Flippant Dead,1,1,Rotting Snatchs
O Comrade Where Art Thou?,1,2,The Norse Unleashed
Great Cold Ones [REBBL],0,1,Orxploitation Cinema
Mainland Creepers,2,1,Battle Brothers
The Flippant Dead,1,0,High Bye Week
poor admin squad MK12,0,1,Great Cold Ones [REBBL]
The Mesozoic Mighty Men,1,0,O Comrade Where Art Thou?
Cold Blooded Exes,1,2,Battle Brothers
Rotting Snatchs,1,1,The Norse Unleashed
Sugar 'n Spite,0,1,Mainland Creepers
Reasonably Greedy,0,3,Orxploitation Cinema
High Bye Week,0,1,Great Cold Ones [REBBL]
Reasonably Greedy,1,0,poor admin squad MK12
Rotting Snatchs,0,1,The Mesozoic Mighty Men
Cold Blooded Exes,2,0,Sugar 'n Spite
The Norse Unleashed,0,1,The Flippant Dead
Battle Brothers,1,1,O Comrade Where Art Thou?
Orxploitation Cinema,1,2,Mainland Creepers
Sugar 'n Spite,1,0,High Bye Week
poor admin squad MK12,0,1,The Mesozoic Mighty Men
Reasonably Greedy,,,The Flippant Dead
Cold Blooded Exes,,,O Comrade Where Art Thou?
Rotting Snatchs,2,2,Mainland Creepers
The Norse Unleashed,,,Great Cold Ones [REBBL]
Battle Brothers,,,Orxploitation Cinema
Orxploitation Cinema,1,0,High Bye Week
Great Cold Ones [REBBL],,,Battle Brothers
Mainland Creepers,,,The Norse Unleashed
O Comrade Where Art Thou?,,,Rotting Snatchs
The Flippant Dead,,,Cold Blooded Exes
The Mesozoic Mighty Men,,,Reasonably Greedy
Sugar 'n Spite,1,0,poor admin squad MK12
Mainland Creepers,1,0,High Bye Week
O Comrade Where Art Thou?,,,Great Cold Ones [REBBL]
The Flippant Dead,,,Orxploitation Cinema
The Mesozoic Mighty Men,,,Battle Brothers
Sugar 'n Spite,,,The Norse Unleashed
poor admin squad MK12,0,1,Rotting Snatchs
Reasonably Greedy,,,Cold Blooded Exes
High Bye Week,0,1,O Comrade Where Art Thou?
Mainland Creepers,,,The Flippant Dead
Great Cold Ones [REBBL],,,The Mesozoic Mighty Men
Orxploitation Cinema,,,Sugar 'n Spite
Battle Brothers,1,0,poor admin squad MK12
The Norse Unleashed,,,Reasonably Greedy
Rotting Snatchs,,,Cold Blooded Exes
