Midsummer Nightmares,2,0,Bones like a Fish
Violaceous Violators,1,1,MJ Dance Squad
Sidestreet Chaps,1,0,Murderland Plague Flies
Ulthuan Sea Serpents,0,3,Snicker-Snack
High Sea Flames,0,1,Film Flayers
Warpstone Nibblers,0,1,Less Sucky Blood Suckerz
The Bad QB Squad,1,2,"Eat, Prey, Shove"
Warpstone Nibblers,0,1,High Sea Flames
Violaceous Violators,2,1,Less Sucky Blood Suckerz
Sidestreet Chaps,1,0,The Bad QB Squad
Ulthuan Sea Serpents,0,0,Murderland Plague Flies
Midsummer Nightmares,3,0,Film Flayers
"Eat, Prey, Shove",0,1,MJ Dance Squad
Snicker-Snack,1,0,Bones like a Fish
Murderland Plague Flies,2,1,Before Catholicism
The Bad QB Squad,1,3,Ulthuan Sea Serpents
Film Flayers,1,2,Snicker-Snack
Less Sucky Blood Suckerz,2,0,MJ Dance Squad
Less Sucky Blood Suckerz,1,2,MJ Dance Squad
"Eat, Prey, Shove",2,2,Sidestreet Chaps
Carolina Cruise,0,3,Midsummer Nightmares
High Sea Flames,0,1,Violaceous Violators
Midsummer Nightmares,2,0,The Bad QB Squad
Snicker-Snack,1,0,Murderland Plague Flies
MJ Dance Squad,1,1,Before Catholicism
Carolina Cruise,0,2,"Eat, Prey, Shove"
Violaceous Violators,3,1,Film Flayers
Sidestreet Chaps,1,0,High Sea Flames
Ulthuan Sea Serpents,1,0,Less Sucky Blood Suckerz
Sidestreet Chaps,2,2,Before Catholicism
Midsummer Nightmares,1,0,MJ Dance Squad
"Eat, Prey, Shove",1,3,Ulthuan Sea Serpents
Respectable Gents,3,0,Less Sucky Blood Suckerz
Carolina Cruise,1,1,Murderland Plague Flies
The Bad QB Squad,1,1,Film Flayers
Violaceous Violators,1,2,Snicker-Snack
"Eat, Prey, Shove",0,1,Film Flayers
Snicker-Snack,1,0,Midsummer Nightmares
Murderland Plague Flies,1,0,Respectable Gents
Ulthuan Sea Serpents,2,1,Violaceous Violators
Less Sucky Blood Suckerz,0,3,The Bad QB Squad
MJ Dance Squad,0,1,Sidestreet Chaps
Before Catholicism,1,0,Carolina Cruise
Film Flayers,0,0,Sidestreet Chaps
"Eat, Prey, Shove",1,0,Respectable Gents
Before Catholicism,1,2,Ulthuan Sea Serpents
Less Sucky Blood Suckerz,2,1,Midsummer Nightmares
Murderland Plague Flies,0,3,Violaceous Violators
MJ Dance Squad,1,0,Snicker-Snack
The Bad QB Squad,1,0,Carolina Cruise
Film Flayers,0,1,Murderland Plague Flies
The Bad QB Squad,1,2,Before Catholicism
Sidestreet Chaps,2,1,Ulthuan Sea Serpents
Midsummer Nightmares,3,0,Violaceous Violators
Respectable Gents,0,2,MJ Dance Squad
Less Sucky Blood Suckerz,0,3,"Eat, Prey, Shove"
Carolina Cruise,0,1,Snicker-Snack
Midsummer Nightmares,1,2,Sidestreet Chaps
"Eat, Prey, Shove",2,1,Murderland Plague Flies
Before Catholicism,2,2,Less Sucky Blood Suckerz
Ulthuan Sea Serpents,1,1,Respectable Gents
Violaceous Violators,1,0,Carolina Cruise
Snicker-Snack,0,1,The Bad QB Squad
MJ Dance Squad,1,2,Film Flayers
Murderland Plague Flies,2,1,Midsummer Nightmares
Snicker-Snack,0,1,"Eat, Prey, Shove"
MJ Dance Squad,1,0,Ulthuan Sea Serpents
Before Catholicism,1,2,Violaceous Violators
Less Sucky Blood Suckerz,1,0,Sidestreet Chaps
Film Flayers,1,0,Carolina Cruise
The Bad QB Squad,1,0,Respectable Gents
"Eat, Prey, Shove",2,3,Midsummer Nightmares
Sidestreet Chaps,1,0,Violaceous Violators
Carolina Cruise,0,1,Ulthuan Sea Serpents
Respectable Gents,1,0,Snicker-Snack
The Bad QB Squad,0,2,MJ Dance Squad
Film Flayers,3,1,Before Catholicism
Less Sucky Blood Suckerz,1,0,Murderland Plague Flies
Before Catholicism,0,1,"Eat, Prey, Shove"
Murderland Plague Flies,0,2,MJ Dance Squad
Less Sucky Blood Suckerz,1,0,Snicker-Snack
Film Flayers,,,Ulthuan Sea Serpents
The Bad QB Squad,0,2,Violaceous Violators
Respectable Gents,0,3,Midsummer Nightmares
Carolina Cruise,0,1,Sidestreet Chaps
Violaceous Violators,,,"Eat, Prey, Shove"
Ulthuan Sea Serpents,,,Midsummer Nightmares
Snicker-Snack,0,1,Sidestreet Chaps
MJ Dance Squad,1,0,Carolina Cruise
Before Catholicism,,,Respectable Gents
Murderland Plague Flies,,,The Bad QB Squad
Less Sucky Blood Suckerz,,,Film Flayers
